,title,journal,authors,years,links,data,IF
0,"MIMIC-III, a freely accessible critical care database",Sci Data,Alistair E W Johnson,2016,https://doi.org/10.1038/sdata.2016.35,MIMIC-III,
1,Mechanical power of ventilation is associated with mortality in critically ill patients: an analysis of patients in two observational cohorts,Intensive Care Med,Ary Serpa Neto,2018,https://doi.org/10.1007/s00134-018-5375-6,MIMIC-III,
2,"Prognostic accuracy of the serum lactate level, the SOFA score and the qSOFA score for mortality among adults with Sepsis",Scand J Trauma Resusc Emerg Med,Zhiqiang Liu,2019,https://doi.org/10.1186/s13049-019-0609-3,MIMIC-III,
3,Analysis of adult disease characteristics and mortality on MIMIC-III,PLoS One,Zheng Dai,2020,https://doi.org/10.1371/journal.pone.0232176,MIMIC-III,3.24
4,Transthoracic echocardiography and mortality in sepsis: analysis of the MIMIC-III database,Intensive Care Med,Mengling Feng,2018,https://doi.org/10.1007/s00134-018-5208-7,MIMIC-III,
5,Effectiveness of sodium bicarbonate infusion on mortality in septic patients with metabolic acidosis,Intensive Care Med,Zhongheng Zhang,2018,https://doi.org/10.1007/s00134-018-5379-2,MIMIC-III,
6,Machine learning for real-time prediction of complications in critical care: a retrospective study,Lancet Respir Med,Alexander Meyer,2018,https://doi.org/10.1016/s2213-2600(18)30300-x,MIMIC-III,
7,Machine learning for the prediction of volume responsiveness in patients with oliguric acute kidney injury in critical care,Crit Care,Zhongheng Zhang,2019,https://doi.org/10.1186/s13054-019-2411-z,MIMIC-III,7.598
8,Predicting sepsis with a recurrent neural network using the MIMIC III database,Comput Biol Med,Matthieu Scherpf,2019,https://doi.org/10.1016/j.compbiomed.2019.103395,MIMIC-III,3.434
9,Mean arterial pressure and mortality in patients with distributive shock: a retrospective analysis of the MIMIC-III database,Ann Intensive Care,Jean-Louis Vincent,2018,https://doi.org/10.1186/s13613-018-0448-9,MIMIC-III,
10,Association between furosemide administration and outcomes in critically ill patients with acute kidney injury,Crit Care,Guang-Ju Zhao,2020,https://doi.org/10.1186/s13054-020-2798-6,MIMIC-III,7.598
11,Predicting 30-days mortality for MIMIC-III patients with sepsis-3: a machine learning approach using XGboost,J Transl Med,Nianzong Hou,2020,https://doi.org/10.1186/s12967-020-02620-5,MIMIC-III,
12,Platelet-to-lymphocyte ratio as a prognostic predictor of mortality for sepsis: interaction effect with disease severity-a retrospective study,BMJ Open,Yanfei Shen,2019,https://doi.org/10.1136/bmjopen-2018-022896,MIMIC-III,2.496
13,An attention based deep learning model of clinical events in the intensive care unit,PLoS One,Deepak A Kaji,2019,https://doi.org/10.1371/journal.pone.0211057,MIMIC-III,3.24
14,Central venous pressure measurement is associated with improved outcomes in septic patients: an analysis of the MIMIC-III database,Crit Care,Hui Chen,2020,https://doi.org/10.1186/s13054-020-03109-9,MIMIC-III,7.598
15,Identifying Risk Factors for Pressure Injury in Adult Critical Care Patients,Am J Crit Care,Jill Cox,2020,https://doi.org/10.4037/ajcc2020243,MIMIC-III,
16,Early lactate measurement is associated with better outcomes in septic patients with an elevated serum lactate level,Crit Care,Hui Chen,2019,https://doi.org/10.1186/s13054-019-2625-0,MIMIC-III,7.598
17,Prediction of Sepsis in the Intensive Care Unit With Minimal Electronic Health Record Data: A Machine Learning Approach,JMIR Med Inform,Thomas Desautels,2016,https://doi.org/10.2196/medinform.5909,MIMIC-III,2.96
18,Elevated urea-to-creatinine ratio provides a biochemical signature of muscle catabolism and persistent critical illness after major trauma,Intensive Care Med,Ryan W Haines,2019,https://doi.org/10.1007/s00134-019-05760-5,MIMIC-III,
19,Association of Sex With Clinical Outcome in Critically Ill Sepsis Patients: A Retrospective Analysis of the Large Clinical Database MIMIC-III,Shock,Jinghong Xu,2019,https://doi.org/10.1097/shk.0000000000001253,MIMIC-III,
20,Utilization of echocardiography during septic shock was associated with a decreased 28-day mortality: a propensity score-matched analysis of the MIMIC-III database,Ann Transl Med,Peng Lan,2019,https://doi.org/10.21037/atm.2019.10.79,MIMIC-III,3.932
21,Platelets as a prognostic marker for sepsis: A cohort study from the MIMIC-III database,Medicine (Baltimore),Lina Zhao,2020,https://doi.org/10.1097/md.0000000000023151,MIMIC-III,
22,Increased neutrophil percentage-to-albumin ratio is associated with all-cause mortality in patients with severe sepsis or septic shock,Epidemiol Infect,Yuqiang Gong,2020,https://doi.org/10.1017/s0950268820000771,MIMIC-III,
23,Using machine learning methods to predict in-hospital mortality of sepsis patients in the ICU,BMC Med Inform Decis Mak,Guilan Kong,2020,https://doi.org/10.1186/s12911-020-01271-2,MIMIC-III,2.067
24,Prolonged Elevated Heart Rate and 90-Day Survival in Acutely Ill Patients: Data From the MIMIC-III Database,J Intensive Care Med,Veit Sandfort,2019,https://doi.org/10.1177/0885066618756828,MIMIC-III,
25,Development of a nomogram to predict 30-day mortality of patients with sepsis-associated encephalopathy: a retrospective cohort study,J Intensive Care,Yang Yang,2020,https://doi.org/10.1186/s40560-020-00459-y,MIMIC-III,
26,Serum Anion Gap Predicts All-Cause Mortality in Critically Ill Patients with Acute Kidney Injury: Analysis of the MIMIC-III Database,Dis Markers,Bihuan Cheng,2020,https://doi.org/10.1155/2020/6501272,MIMIC-III,
27,Development and validation of a prognostic nomogram for myocardial infarction patients in intensive care units: a retrospective cohort study,BMJ Open,Qi Guo,2020,https://doi.org/10.1136/bmjopen-2020-040291,MIMIC-III,2.496
28,Admission oxygen saturation and all-cause in-hospital mortality in acute myocardial infarction patients: data from the MIMIC-III database,Ann Transl Med,Yue Yu,2020,https://doi.org/10.21037/atm-20-2614,MIMIC-III,3.932
29,The association between neutrophil-to-lymphocyte count ratio and mortality in septic patients: a retrospective analysis of the MIMIC-III database,J Thorac Dis,Weiyan Ye,2020,https://doi.org/10.21037/jtd-20-1169,MIMIC-III,
30,Assessing the Readability of Freely Available ICU Notes,AMIA Jt Summits Transl Sci Proc,Wu-Chen Su,2019,http://www.ncbi.nlm.nih.gov/pmc/articles/pmc6568110/,MIMIC-III,
31,Federated Learning on Clinical Benchmark Data: Performance Assessment,J Med Internet Res,Geun Hyeong Lee,2020,https://doi.org/10.2196/20891,MIMIC-III,
32,Predicting in-hospital mortality of patients with acute kidney injury in the ICU using random forest model,Int J Med Inform,Ke Lin,2019,https://doi.org/10.1016/j.ijmedinf.2019.02.002,MIMIC-III,
33,An intelligent warning model for early prediction of cardiac arrest in sepsis patients,Comput Methods Programs Biomed,Samaneh Layeghian Javan,2019,https://doi.org/10.1016/j.cmpb.2019.06.010,MIMIC-III,3.632
34,Nomogram to predict the risk of septic acute kidney injury in the first 24 h of admission: an analysis of intensive care unit data,Ren Fail,Fuxing Deng,2020,https://doi.org/10.1080/0886022x.2020.1761832,MIMIC-III,
35,Red blood cell distribution width predicts long-term mortality in critically ill patients with acute kidney injury: a retrospective database study,Sci Rep,Linpei Jia,2020,https://doi.org/10.1038/s41598-020-61516-y,MIMIC-III,3.998
36,Atrial Fibrillation Detection During Sepsis: Study on MIMIC III ICU Data,IEEE J Biomed Health Inform,Syed Khairul Bashar,2020,https://doi.org/10.1109/jbhi.2020.2995139,MIMIC-III,5.223
37,Prognostic nomogram for acute pancreatitis patients: An analysis of publicly electronic healthcare records in intensive care unit,J Crit Care,Xihui Jiang,2019,https://doi.org/10.1016/j.jcrc.2018.10.030,MIMIC-III,
38,A Machine Learning-Based Prediction of Hospital Mortality in Patients With Postoperative Sepsis,Front Med (Lausanne),Ren-Qi Yao,2020,https://doi.org/10.3389/fmed.2020.00445,MIMIC-III,3.9
39,Can Neo4j Replace PostgreSQL in Healthcare?,AMIA Jt Summits Transl Sci Proc,Jessica A M Stothers,2020,http://www.ncbi.nlm.nih.gov/pmc/articles/pmc7233060/,MIMIC-III,
40,TAPER: Time-Aware Patient EHR Representation,IEEE J Biomed Health Inform,Sajad Darabi,2020,https://doi.org/10.1109/jbhi.2020.2984931,MIMIC-III,5.223
41,Fluid-limiting treatment strategies among sepsis patients in the ICU: a retrospective causal analysis,Crit Care,Zach Shahn,2020,https://doi.org/10.1186/s13054-020-2767-0,MIMIC-III,7.598
42,A Visualisation and Extraction Tool for Time Series in the MIMIC III Database,Stud Health Technol Inform,Sven Festag,2019,https://doi.org/10.3233/shti190817,MIMIC-III,
43,Mining compact predictive pattern sets using classification model,Artif Intell Med Conf Artif Intell Med (2005-),Matteo Mantovani,2019,https://doi.org/10.1007/978-3-030-21642-9_49,MIMIC-III,
44,"Prognostic values of SOFA score, qSOFA score, and LODS score for patients with sepsis",Ann Palliat Med,Yonglin Li,2020,https://doi.org/10.21037/apm-20-984,MIMIC-III,
45,Enhancing clinical concept extraction with contextual embeddings,J Am Med Inform Assoc,Yuqi Si,2019,https://doi.org/10.1093/jamia/ocz096,MIMIC-III,4.112
46,Customization scenarios for de-identification of clinical notes,BMC Med Inform Decis Mak,Tzvika Hartman,2020,https://doi.org/10.1186/s12911-020-1026-2,MIMIC-III,2.067
47,The weekend effect for stroke patients admitted to intensive care: A retrospective cohort analysis,PLoS One,William Greig Mitchell,2020,https://doi.org/10.1371/journal.pone.0234521,MIMIC-III,3.24
48,Uncertainty-Gated Stochastic Sequential Model for EHR Mortality Prediction,IEEE Trans Neural Netw Learn Syst,Eunji Jun,2020,https://doi.org/10.1109/tnnls.2020.3016670,MIMIC-III,
49,Recent Context-aware LSTM for Clinical Event Time-series Prediction,Artif Intell Med Conf Artif Intell Med (2005-),Jeong Min Lee,2019,https://doi.org/10.1007/978-3-030-21642-9_3,MIMIC-III,
50,Fold-stratified cross-validation for unbiased and privacy-preserving federated learning,J Am Med Inform Assoc,Romain Bey,2020,https://doi.org/10.1093/jamia/ocaa096,MIMIC-III,4.112
51,A Concept for Graph-Based Temporal Similarity of Patient Data,Stud Health Technol Inform,Matthias Ganzinger,2019,https://doi.org/10.3233/shti190199,MIMIC-III,
52,Multitask learning and benchmarking with clinical time series data,Sci Data,Hrayr Harutyunyan,2019,https://doi.org/10.1038/s41597-019-0103-9,MIMIC-III,
53,[Construction of multi-parameter emergency database and preliminary application research],Sheng Wu Yi Xue Gong Cheng Xue Za Zhi,Junmei Wang,2019,https://doi.org/10.7507/1001-5515.201809032,MIMIC-III,
54,Natural language processing of electronic health records is superior to billing codes to identify symptom burden in hemodialysis patients,Kidney Int,Lili Chan,2020,https://doi.org/10.1016/j.kint.2019.10.023,MIMIC-III,
55,Towards unstructured mortality prediction with free-text clinical notes,J Biomed Inform,Mohammad Hashir,2020,https://doi.org/10.1016/j.jbi.2020.103489,MIMIC-III,6.317
56,Predicting patient's diagnoses and diagnostic categories from clinical-events in EHR data,Artif Intell Med Conf Artif Intell Med (2005-),Seyedsalim Malakouti,2019,https://doi.org/10.1007/978-3-030-21642-9_17,MIMIC-III,
57,Automated ICD coding via unsupervised knowledge integration (UNITE),Int J Med Inform,Aaron Sonabend W,2020,https://doi.org/10.1016/j.ijmedinf.2020.104135,MIMIC-III,
58,Inferring multimodal latent topics from electronic health records,Nat Commun,Yue Li,2020,https://doi.org/10.1038/s41467-020-16378-3,MIMIC-III,
59,Synthesizing electronic health records using improved generative adversarial networks,J Am Med Inform Assoc,Mrinal Kanti Baowaly,2019,https://doi.org/10.1093/jamia/ocy142,MIMIC-III,4.112
60,A method for the graphical modeling of relative temporal constraints,J Biomed Inform,Sebastian Mate,2019,https://doi.org/10.1016/j.jbi.2019.103314,MIMIC-III,6.317
61,Forecasting intracranial hypertension using multi-scale waveform metrics,Physiol Meas,Matthias Hüser,2020,https://doi.org/10.1088/1361-6579/ab6360,MIMIC-III,
62,Predicting Missing Values in Medical Data via XGBoost Regression,J Healthc Inform Res,Xinmeng Zhang,2020,https://doi.org/10.1007/s41666-020-00077-1,MIMIC-III,
63,Estimating Systolic Blood Pressure Using Convolutional Neural Networks,Stud Health Technol Inform,Solmaz Rastegar,2019,,MIMIC-III,
64,VERB: VFCDM-Based Electrocardiogram Reconstruction and Beat Detection Algorithm,IEEE Access,Syed Khairul Bashar,2019,https://doi.org/10.1109/access.2019.2894092,MIMIC-III,
65,Synthetic photoplethysmogram generation using two Gaussian functions,Sci Rep,Qunfeng Tang,2020,https://doi.org/10.1038/s41598-020-69076-x,MIMIC-III,3.998
66,Lactate/albumin ratio: An early prognostic marker in critically ill patients,Am J Emerg Med,Amin Gharipour,2020,https://doi.org/10.1016/j.ajem.2020.06.067,MIMIC-III,
67,Identifying subpopulations of septic patients: A temporal data-driven approach,Comput Biol Med,Anis Sharafoddini,2021,https://doi.org/10.1016/j.compbiomed.2020.104182,MIMIC-III,3.434
68,Acidosis predicts mortality independently from hyperlactatemia in patients with sepsis,Eur J Intern Med,Bernhard Wernly,2020,https://doi.org/10.1016/j.ejim.2020.02.027,MIMIC-III,
69,The obesity paradox in ICU patients,Annu Int Conf IEEE Eng Med Biol Soc,Janice Pan,2017,https://doi.org/10.1109/embc.2017.8037576,MIMIC-III,
70,Predicting hypotension in the ICU using noninvasive physiological signals,Comput Biol Med,Mina Chookhachizadeh Moghadam,2021,https://doi.org/10.1016/j.compbiomed.2020.104120,MIMIC-III,3.434
71,Noise Detection in Electrocardiogram Signals for Intensive Care Unit Patients,IEEE Access,Syed Khairul Bashar,2019,https://doi.org/10.1109/access.2019.2926199,MIMIC-III,
72,Critical Transitions in Intensive Care Units: A Sepsis Case Study,Sci Rep,Pejman F Ghalati,2019,https://doi.org/10.1038/s41598-019-49006-2,MIMIC-III,3.998
73,Incorporating medical code descriptions for diagnosis prediction in healthcare,BMC Med Inform Decis Mak,Fenglong Ma,2019,https://doi.org/10.1186/s12911-019-0961-2,MIMIC-III,2.067
74,Explainable Prediction of Medical Codes With Knowledge Graphs,Front Bioeng Biotechnol,Fei Teng,2020,https://doi.org/10.3389/fbioe.2020.00867,MIMIC-III,
75,Dr. Agent: Clinical predictive model via mimicked second opinions,J Am Med Inform Assoc,Junyi Gao,2020,https://doi.org/10.1093/jamia/ocaa074,MIMIC-III,4.112
76,Generating sequential electronic health records using dual adversarial autoencoder,J Am Med Inform Assoc,Dongha Lee,2020,https://doi.org/10.1093/jamia/ocaa119,MIMIC-III,4.112
77,Few-Shot and Zero-Shot Multi-Label Learning for Structured Label Spaces,Proc Conf Empir Methods Nat Lang Process,Anthony Rios,Oct-,http://www.ncbi.nlm.nih.gov/pmc/articles/pmc6375489/,MIMIC-III,
78,A web-based data visualization tool for the MIMIC-II database,BMC Med Inform Decis Mak,Joon Lee,2016,https://doi.org/10.1186/s12911-016-0256-9,MIMIC-III,2.067
79,Association between base excess and mortality in patients with congestive heart failure,ESC Heart Fail,Wenqin Guo,2021,https://doi.org/10.1002/ehf2.12939,MIMIC-III,
80,Outcomes for Patients with Sepsis Following Admission to the Intensive Care Unit Based on Health Insurance Status: A Study from the Medical Information Mart for Intensive Care-III (MIMIC-III) Database,Med Sci Monit,Ying Zhou,2020,https://doi.org/10.12659/msm.924954,MIMIC-III,
81,Anion Gap Was Associated with Inhospital Mortality and Adverse Clinical Outcomes of Coronary Care Unit Patients,Biomed Res Int,Tienan Sun,2020,https://doi.org/10.1155/2020/4598462,MIMIC-III,2.276
82,Blood Pressure Estimation from Photoplethysmogram Using a Spectro-Temporal Deep Neural Network,Sensors (Basel),Gašper Slapničar,2019,https://doi.org/10.3390/s19153420,MIMIC-III,
83,Deceased serum bilirubin and albumin levels in the assessment of severity and mortality in patients with acute pancreatitis,Int J Med Sci,Xiao Xu,2020,https://doi.org/10.7150/ijms.49606,MIMIC-III,
84,ISeeU: Visually interpretable deep learning for mortality prediction inside the ICU,J Biomed Inform,William Caicedo-Torres,2019,https://doi.org/10.1016/j.jbi.2019.103269,MIMIC-III,6.317
85,The incidence and outcome of severe hyperlactatemia in critically ill patients,Intern Emerg Med,Amin Gharipour,2021,https://doi.org/10.1007/s11739-020-02337-9,MIMIC-III,
86,"Detecting insertion, substitution, and deletion errors in radiology reports using neural sequence-to-sequence models",Ann Transl Med,John Zech,2019,https://doi.org/10.21037/atm.2018.08.11,MIMIC-III,3.932
87,Atrial Fibrillation Detection in ICU Patients: A Pilot Study on MIMIC III Data,Annu Int Conf IEEE Eng Med Biol Soc,Syed Khairul Bashar,2019,https://doi.org/10.1109/embc.2019.8856496,MIMIC-III,
88,A deep learning solution to recommend laboratory reduction strategies in ICU,Int J Med Inform,Lishan Yu,2020,https://doi.org/10.1016/j.ijmedinf.2020.104282,MIMIC-III,
89,Toward a Model for Personal Health Record Interoperability,IEEE J Biomed Health Inform,Alex Roehrs,2019,https://doi.org/10.1109/jbhi.2018.2836138,MIMIC-III,5.223
90,Relation between Red Cell Distribution Width and Mortality in Critically Ill Patients with Acute Respiratory Distress Syndrome,Biomed Res Int,Benji Wang,2019,https://doi.org/10.1155/2019/1942078,MIMIC-III,2.276
91,Democratizing EHR analyses with FIDDLE: a flexible data-driven preprocessing pipeline for structured clinical data,J Am Med Inform Assoc,Shengpu Tang,2020,https://doi.org/10.1093/jamia/ocaa139,MIMIC-III,4.112
92,Using a Multi-Task Recurrent Neural Network With Attention Mechanisms to Predict Hospital Mortality of Patients,IEEE J Biomed Health Inform,Ruoxi Yu,2020,https://doi.org/10.1109/jbhi.2019.2916667,MIMIC-III,5.223
93,Predictive modeling of bacterial infections and antibiotic therapy needs in critically ill adults,J Biomed Inform,Garrett Eickelberg,2020,https://doi.org/10.1016/j.jbi.2020.103540,MIMIC-III,6.317
94,Generation of Realistic Synthetic Validation Healthcare Datasets Using Generative Adversarial Networks,Stud Health Technol Inform,Eda Bilici Ozyigit,2020,https://doi.org/10.3233/shti200560,MIMIC-III,
95,An empirical evaluation of deep learning for ICD-9 code assignment using MIMIC-III clinical notes,Comput Methods Programs Biomed,Jinmiao Huang,2019,https://doi.org/10.1016/j.cmpb.2019.05.024,MIMIC-III,3.632
96,The Neutrophil Percentage-to-Albumin Ratio as a New Predictor of All-Cause Mortality in Patients with Cardiogenic Shock,Biomed Res Int,Yue Yu,2020,https://doi.org/10.1155/2020/7458451,MIMIC-III,2.276
97,An interpretable risk prediction model for healthcare with pattern attention,BMC Med Inform Decis Mak,Sundreen Asad Kamal,2020,https://doi.org/10.1186/s12911-020-01331-7,MIMIC-III,2.067
98,Automated Diagnosis Coding with Combined Text Representations,Stud Health Technol Inform,Stefan Berndorfer,2017,,MIMIC-III,
99,Identifying and characterizing highly similar notes in big clinical note datasets,J Biomed Inform,Rodney A Gabriel,2018,https://doi.org/10.1016/j.jbi.2018.04.009,MIMIC-III,6.317
100,An ensemble of neural models for nested adverse drug events and medication extraction with subwords,J Am Med Inform Assoc,Meizhi Ju,2020,https://doi.org/10.1093/jamia/ocz075,MIMIC-III,4.112
101,[Analysis of diseases distribution in Medical Information Mart for Intensive Care III database],Zhonghua Wei Zhong Bing Ji Jiu Yi Xue,Yong Fan,2018,https://doi.org/10.3760/cma.j.issn.2095-4352.2018.06.006,MIMIC-III,
102,Early Hospital Mortality Prediction using Vital Signals,Smart Health (Amst),Reza Sadeghi,2018,https://doi.org/10.1016/j.smhl.2018.07.001,MIMIC-III,
103,UMLS mapping and Word embeddings for ICD code assignment using the MIMIC-III intensive care database,Annu Int Conf IEEE Eng Med Biol Soc,Henning Schafer,2019,https://doi.org/10.1109/embc.2019.8856442,MIMIC-III,
104,Five novel clinical phenotypes for critically ill patients with mechanical ventilation in intensive care units: a retrospective and multi database study,Respir Res,Longxiang Su,2020,https://doi.org/10.1186/s12931-020-01588-6,MIMIC-III,
105,A Frame-Based NLP System for Cancer-Related Information Extraction,AMIA Annu Symp Proc,Yuqi Si,2018,http://www.ncbi.nlm.nih.gov/pmc/articles/pmc6371330/,MIMIC-III,
106,Towards Unsupervised Detection of Process Models in Healthcare,Stud Health Technol Inform,Amirah Alharbi,2018,,MIMIC-III,
107,Enhancing Prediction Models for One-Year Mortality in Patients with Acute Myocardial Infarction and Post Myocardial Infarction Syndrome,Stud Health Technol Inform,Seyedeh Neelufar Payrovnaziri,2019,https://doi.org/10.3233/shti190226,MIMIC-III,
108,Automated ICD-9 Coding via A Deep Learning Approach,IEEE/ACM Trans Comput Biol Bioinform,Min Li,Jul-,https://doi.org/10.1109/tcbb.2018.2817488,MIMIC-III,
109,Active deep learning to detect demographic traits in free-form clinical notes,J Biomed Inform,Amir Feder,2020,https://doi.org/10.1016/j.jbi.2020.103436,MIMIC-III,6.317
110,Benchmarking Deep Learning Architectures for Predicting Readmission to the ICU and Describing Patients-at-Risk,Sci Rep,Sebastiano Barbieri,2020,https://doi.org/10.1038/s41598-020-58053-z,MIMIC-III,3.998
111,Withholding or withdrawing invasive interventions may not accelerate time to death among dying ICU patients,PLoS One,Daniele Ramazzotti,2019,https://doi.org/10.1371/journal.pone.0212439,MIMIC-III,3.24
112,Positive association between systemic immune-inflammatory index and mortality of cardiogenic shock,Clin Chim Acta,Yangpei Peng,2020,https://doi.org/10.1016/j.cca.2020.09.022,MIMIC-III,
113,Using Self Organizing Maps to Compare Sepsis Patients from the Neonatal and Adult Intensive Care Unit,AMIA Jt Summits Transl Sci Proc,Benjamin Goddard,2019,http://www.ncbi.nlm.nih.gov/pmc/articles/pmc6568064/,MIMIC-III,
114,Predicting mortality in critically ill patients with diabetes using machine learning and clinical notes,BMC Med Inform Decis Mak,Jiancheng Ye,2020,https://doi.org/10.1186/s12911-020-01318-4,MIMIC-III,2.067
115,Predicting the Incidence of Pressure Ulcers in the Intensive Care Unit Using Machine Learning,EGEMS (Wash DC),Eric M Cramer,2019,https://doi.org/10.5334/egems.307,MIMIC-III,
116,Supervised machine learning for the early prediction of acute respiratory distress syndrome (ARDS),J Crit Care,Sidney Le,2020,https://doi.org/10.1016/j.jcrc.2020.07.019,MIMIC-III,
117,Novel Method of Atrial Fibrillation Case Identification and Burden Estimation Using the MIMIC-III Electronic Health Data Set,J Intensive Care Med,Eric Y Ding,2019,https://doi.org/10.1177/0885066619866172,MIMIC-III,
118,"medExtractR: A targeted, customizable approach to medication extraction from electronic health records",J Am Med Inform Assoc,Hannah L Weeks,2020,https://doi.org/10.1093/jamia/ocz207,MIMIC-III,4.112
119,Association between red blood cell distribution width and mortality in diabetic ketoacidosis,J Int Med Res,Huifang Dai,2020,https://doi.org/10.1177/0300060520911494,MIMIC-III,
120,Association between red blood cell distribution width and mortality in diabetic ketoacidosis,J Int Med Res,Huifang Dai,2020,https://doi.org/10.1177/0300060520911494,MIMIC-III,
121,Benchmarking deep learning models on large healthcare datasets,J Biomed Inform,Sanjay Purushotham,2018,https://doi.org/10.1016/j.jbi.2018.04.007,MIMIC-III,6.317
122,Predicting Mortality in Critical Care Patients with Fungemia Using Structured and Unstructured Data,Annu Int Conf IEEE Eng Med Biol Soc,Sally L Baxter,2020,https://doi.org/10.1109/embc44109.2020.9175287,MIMIC-III,
123,A Nuisance-Free Inference Procedure Accounting for the Unknown Missingness with Application to Electronic Health Records,Entropy (Basel),Jiwei Zhao,2020,https://doi.org/10.3390/e22101154,MIMIC-III,
124,Dexmedetomidine versus midazolam and propofol for sedation in critically ill patients: Mining the Medical Information Mart for Intensive Care data,Ann Transl Med,Yiyan Song,2019,https://doi.org/10.21037/atm.2019.04.14,MIMIC-III,3.932
125,Early biliary drainage is associated with favourable outcomes in critically-ill patients with acute cholangitis,Prz Gastroenterol,Mohammed Aboelsoud,2018,https://doi.org/10.5114/pg.2018.74557,MIMIC-III,
126,Early Prediction of Acute Kidney Injury in Critical Care Setting Using Clinical Notes and Structured Multivariate Physiological Measurements,Stud Health Technol Inform,Mengxin Sun,2019,https://doi.org/10.3233/shti190245,MIMIC-III,
127,Automatic Medical Code Assignment via Deep Learning Approach for Intelligent Healthcare,IEEE J Biomed Health Inform,Fei Teng,2020,https://doi.org/10.1109/jbhi.2020.2996937,MIMIC-III,5.223
128,Text Processing for Detection of Fungal Ocular Involvement in Critical Care Patients: Cross-Sectional Study,J Med Internet Res,Sally L Baxter,2020,https://doi.org/10.2196/18855,MIMIC-III,
129,The neutrophil-lymphocyte ratio: A promising predictor of mortality in coronary care unit patients - A cohort study,Int Immunopharmacol,Huankun Sun,2019,https://doi.org/10.1016/j.intimp.2019.105692,MIMIC-III,
130,Toward Optimal Heparin Dosing by Comparing Multiple Machine Learning Methods: Retrospective Study,JMIR Med Inform,Longxiang Su,2020,https://doi.org/10.2196/17648,MIMIC-III,2.96
131,Early prediction of acute kidney injury following ICU admission using a multivariate panel of physiological measurements,BMC Med Inform Decis Mak,Lindsay P Zimmerman,2019,https://doi.org/10.1186/s12911-019-0733-z,MIMIC-III,2.067
132,Prediction of Septic Shock Onset in ICU by Instantaneous Monitoring of Vital Signs,Annu Int Conf IEEE Eng Med Biol Soc,Maximiliano Mollura,2020,https://doi.org/10.1109/embc44109.2020.9176276,MIMIC-III,
133,A Long Short-Term Memory Ensemble Approach for Improving the Outcome Prediction in Intensive Care Unit,Comput Math Methods Med,Jing Xia,2019,https://doi.org/10.1155/2019/8152713,MIMIC-III,
134,The MIMIC Code Repository: enabling reproducibility in critical care research,J Am Med Inform Assoc,Alistair Ew Johnson,2018,https://doi.org/10.1093/jamia/ocx084,MIMIC-III,4.112
135,Increased body mass index linked to greater short- and long-term survival in sepsis patients: A retrospective analysis of a large clinical database,Int J Infect Dis,Shuhe Li,2019,https://doi.org/10.1016/j.ijid.2019.07.018,MIMIC-III,
136,"Using interpretability approaches to update ""black-box"" clinical prediction models: an external validation study in nephrology",Artif Intell Med,Harry Freitas da Cruz,2021,https://doi.org/10.1016/j.artmed.2020.101982,MIMIC-III,
137,A Decision Support Method for Prehospital Emergency Care Based on Ranking the Importance of Physiological Variables,Healthcare (Basel),Li Zhang,2020,https://doi.org/10.3390/healthcare8030295,MIMIC-III,
138,[Comparison of four scoring systems for predicting ICU mortality in patients with sepsis],Nan Fang Yi Ke Da Xue Xue Bao,Chang Hu,2020,https://doi.org/10.12122/j.issn.1673-4254.2020.04.10,MIMIC-III,
139,Association of Acidemia With Short-Term Mortality of Acute Myocardial Infarction: A Retrospective Study Base on MIMIC-III Database,Clin Appl Thromb Hemost,Tang Zhang,Jan-,https://doi.org/10.1177/1076029620950837,MIMIC-III,
140,A disease inference method based on symptom extraction and bidirectional Long Short Term Memory networks,Methods,Donglin Guo,2020,https://doi.org/10.1016/j.ymeth.2019.07.009,MIMIC-III,
141,Building Computational Models to Predict One-Year Mortality in ICU Patients with Acute Myocardial Infarction and Post Myocardial Infarction Syndrome,AMIA Jt Summits Transl Sci Proc,Laura A Barrett,2019,http://www.ncbi.nlm.nih.gov/pmc/articles/pmc6568079/,MIMIC-III,
142,Arterial oxygen pressure targets in critically ill patients: Analysis of a large ICU database,Heart Lung,Chang Xu,Jan-,https://doi.org/10.1016/j.hrtlng.2020.10.015,MIMIC-III,
143,"Empirical analysis of Zipf's law, power law, and lognormal distributions in medical discharge reports",Int J Med Inform,Juan C Quiroz,2021,https://doi.org/10.1016/j.ijmedinf.2020.104324,MIMIC-III,
144,Association of serum total and ionized calcium with all-cause mortality incritically ill patients with acute kidney injury,Clin Chim Acta,Benji Wang,2019,https://doi.org/10.1016/j.cca.2019.03.1616,MIMIC-III,
145,Hyperchloremia in critically ill patients: association with outcomes and prediction using electronic health record data,BMC Med Inform Decis Mak,Pete Yeh,2020,https://doi.org/10.1186/s12911-020-01326-4,MIMIC-III,2.067
146,Data-driven discovery of a novel sepsis pre-shock state predicts impending septic shock in the ICU,Sci Rep,Ran Liu,2019,https://doi.org/10.1038/s41598-019-42637-5,MIMIC-III,3.998
147,"Pulmonary hypertension with adult respiratory distress syndrome: prevalence, clinical impact, and association with central venous pressure",Pulm Circ,Dong-Kai Li,2020,https://doi.org/10.1177/2045894020933087,MIMIC-III,
148,Red blood cell distribution width provides additional prognostic value beyond severity scores in adult critical illness,Clin Chim Acta,Yan-Qiu Han,2019,https://doi.org/10.1016/j.cca.2019.08.008,MIMIC-III,
149,The Neutrophil Percentage-to-Albumin Ratio Is Associated with All-Cause Mortality in Critically Ill Patients with Acute Kidney Injury,Biomed Res Int,Benji Wang,2020,https://doi.org/10.1155/2020/5687672,MIMIC-III,2.276
150,A deep learning approach for sepsis monitoring via severity score estimation,Comput Methods Programs Biomed,Tunç Aşuroğlu,2021,https://doi.org/10.1016/j.cmpb.2020.105816,MIMIC-III,3.632
151,Factors associated with outcomes of septic shock patients receiving high dose noradrenaline according to three primary infection sites,J Int Med Res,Kang-Song Wu,2020,https://doi.org/10.1177/0300060519874545,MIMIC-III,
152,A new method for identifying the acute respiratory distress syndrome disease based on noninvasive physiological parameters,PLoS One,Pengcheng Yang,2020,https://doi.org/10.1371/journal.pone.0226962,MIMIC-III,3.24
153,A new prediction model for assessing the clinical outcomes of ICU patients with community-acquired pneumonia: a decision tree analysis,Ann Med,Shufang Zhang,2019,https://doi.org/10.1080/07853890.2018.1518580,MIMIC-III,
154,Red Blood Cell Distribution Width Is Associated with All-Cause Mortality in Critically Ill Patients with Cardiogenic Shock,Med Sci Monit,Benji Wang,2019,https://doi.org/10.12659/msm.917436,MIMIC-III,
155,Prognostic nutritional index predicts acute kidney injury and mortality of patients in the coronary care unit,Exp Ther Med,Yugang Hu,2021,https://doi.org/10.3892/etm.2020.9555,MIMIC-III,
156,A customizable deep learning model for nosocomial risk prediction from critical care notes with indirect supervision,J Am Med Inform Assoc,Travis R Goodwin,2020,https://doi.org/10.1093/jamia/ocaa004,MIMIC-III,4.112
157,Cloud Services for Patient Cohort Identification Using the Informatics for Integrating Biology and the Bedside Platform,Biomed Res Int,Kavishwar B Wagholikar,2020,https://doi.org/10.1155/2020/2851713,MIMIC-III,2.276
158,"Towards a decision support tool for intensive care discharge: machine learning algorithm development using electronic healthcare data from MIMIC-III and Bristol, UK",BMJ Open,Christopher J McWilliams,2019,https://doi.org/10.1136/bmjopen-2018-025925,MIMIC-III,2.496
159,A study of deep learning approaches for medication and adverse drug event extraction from clinical text,J Am Med Inform Assoc,Qiang Wei,2020,https://doi.org/10.1093/jamia/ocz063,MIMIC-III,4.112
160,Fluctuations of driving pressure during mechanical ventilation indicates elevated central venous pressure and poor outcomes,Pulm Circ,Jia-Yu Mao,2020,https://doi.org/10.1177/2045894020970363,MIMIC-III,
161,"Effect of etomidate use on ICU patients with ventilator therapy: a study of 12,526 patients in an open database from a single-center",Korean J Anesthesiol,Ha Yeon Park,2020,https://doi.org/10.4097/kja.20509,MIMIC-III,
162,Preliminary Results on Density Poincare Plot Based Atrial Fibrillation Detection from Premature Atrial/Ventricular Contractions,Annu Int Conf IEEE Eng Med Biol Soc,Syed Khairul Bashar,2020,https://doi.org/10.1109/embc44109.2020.9175216,MIMIC-III,
163,Efficacy and safety of corticosteroids for septic shock in immunocompromised patients: A cohort study from MIMIC,Am J Emerg Med,Xin Lu,2021,https://doi.org/10.1016/j.ajem.2020.02.002,MIMIC-III,
164,[Application of support vector machine in predicting in-hospital mortality risk of patients with acute kidney injury in ICU],Beijing Da Xue Xue Bao Yi Xue Ban,K Lin,2018,,MIMIC-III,
165,Multi-Ontology Refined Embeddings (MORE): A hybrid multi-ontology and corpus-based semantic representation model for biomedical concepts,J Biomed Inform,Steven Jiang,2020,https://doi.org/10.1016/j.jbi.2020.103581,MIMIC-III,6.317
166,Machine learning predicts mortality in septic patients using only routinely available ABG variables: a multi-centre evaluation,Int J Med Inform,Bernhard Wernly,2021,https://doi.org/10.1016/j.ijmedinf.2020.104312,MIMIC-III,
167,Association between red blood cell distribution width and long-term mortality in acute respiratory failure patients,Sci Rep,Wei Zhang,2020,https://doi.org/10.1038/s41598-020-78321-2,MIMIC-III,3.998
168,A comprehensive evaluation for the prediction of mortality in intensive care units with LSTM networks: patients with cardiovascular disease,Biomed Tech (Berl),Saumil Maheshwari,2020,https://doi.org/10.1515/bmt-2018-0206,MIMIC-III,
169,"[Relationship between ""1-hour serum lactate"" level and 30-day mortality in critical care patients in intensive care unit]",Zhonghua Wei Zhong Bing Ji Jiu Yi Xue,Qilin Yang,2020,https://doi.org/10.3760/cma.j.cn121430-20200116-00136,MIMIC-III,
170,Serum anion gap at admission predicts all-cause mortality in critically ill patients with cerebral infarction: evidence from the MIMIC-III database,Biomarkers,Xuefang Liu,2020,https://doi.org/10.1080/1354750x.2020.1842497,MIMIC-III,
171,Discriminative and Distinct Phenotyping by Constrained Tensor Factorization,Sci Rep,Yejin Kim,2017,https://doi.org/10.1038/s41598-017-01139-y,MIMIC-III,3.998
172,Analysis and prediction of unplanned intensive care unit readmission using recurrent neural networks with long short-term memory,PLoS One,Yu-Wei Lin,2019,https://doi.org/10.1371/journal.pone.0218942,MIMIC-III,3.24
173,Red blood cell distribution width is associated with mortality risk in patients with acute respiratory distress syndrome based on the Berlin definition: A propensity score matched cohort study,Heart Lung,Xue-Shu Yu,Sep-,https://doi.org/10.1016/j.hrtlng.2020.04.008,MIMIC-III,
174,The association of coagulation indicators with in-hospital mortality and 1-year mortality of patients with sepsis at ICU admissions: A retrospective cohort study,Clin Chim Acta,Rui Zheng,2020,https://doi.org/10.1016/j.cca.2020.02.007,MIMIC-III,
175,Identifying Supplement Use Within Clinical Notes: An Applicationof Natural Language Processing,AMIA Jt Summits Transl Sci Proc,Vivekanand Sharma,2018,http://www.ncbi.nlm.nih.gov/pmc/articles/pmc5961809/,MIMIC-III,
176,The CLASSE GATOR (CLinical Acronym SenSE disambiGuATOR): A Method for predicting acronym sense from neonatal clinical notes,Int J Med Inform,Aditya Kashyap,2020,https://doi.org/10.1016/j.ijmedinf.2020.104101,MIMIC-III,
177,Extraction of Information Related to Drug Safety Surveillance From Electronic Health Record Notes: Joint Modeling of Entities and Relations Using Knowledge-Aware Neural Attentive Models,JMIR Med Inform,Bharath Dandala,2020,https://doi.org/10.2196/18417,MIMIC-III,2.96
178,Multimorbidity states associated with higher mortality rates in organ dysfunction and sepsis: a data-driven analysis in critical care,Crit Care,Zsolt Zador,2019,https://doi.org/10.1186/s13054-019-2486-6,MIMIC-III,7.598
179,Predicting the need for intubation in the first 24 h after critical care admission using machine learning approaches,Sci Rep,Benjamin Ming Kit Siu,2020,https://doi.org/10.1038/s41598-020-77893-3,MIMIC-III,3.998
180,Classification of Biomedical Texts for Cardiovascular Diseases with Deep Neural Network Using a Weighted Feature Representation Method,Healthcare (Basel),Nizar Ahmed,2020,https://doi.org/10.3390/healthcare8040392,MIMIC-III,
181,Red Blood Cell Distribution Width as a Predictor of 28-Day Mortality in Critically Ill Patients With Alcohol Use Disorder,Alcohol Clin Exp Res,Lin Liao,2020,https://doi.org/10.1111/acer.14483,MIMIC-III,
182,Recurrent Neural Networks for Multivariate Time Series with Missing Values,Sci Rep,Zhengping Che,2018,https://doi.org/10.1038/s41598-018-24271-9,MIMIC-III,3.998
183,Composite CDE: modeling composite relationships between common data elements for representing complex clinical data,BMC Med Inform Decis Mak,Hye Hyeon Kim,2020,https://doi.org/10.1186/s12911-020-01168-0,MIMIC-III,2.067
184,Utilizing imbalanced electronic health records to predict acute kidney injury by ensemble learning and time series model,BMC Med Inform Decis Mak,Yuan Wang,2020,https://doi.org/10.1186/s12911-020-01245-4,MIMIC-III,2.067
185,"A deep learning backcasting approach to the electrolyte, metabolite, and acid-base parameters that predict risk in ICU patients",PLoS One,Albion Dervishi,2020,https://doi.org/10.1371/journal.pone.0242878,MIMIC-III,3.24
186,Lactate indices as predictors of in-hospital mortality or 90-day survival after admission to an intensive care unit in unselected critically ill patients,PLoS One,Yusuke Hayashi,2020,https://doi.org/10.1371/journal.pone.0229135,MIMIC-III,3.24
187,The Association of Red Blood Cell Distribution Width to Platelet Count Ratio and 28-Day Mortality of Patients with Sepsis: A Retrospective Cohort Study,Ther Clin Risk Manag,Shanhui Ge,2020,https://doi.org/10.2147/tcrm.s268523,MIMIC-III,
188,Dynamic survival prediction in intensive care units from heterogeneous time series without the need for variable selection or curation,Sci Rep,Jacob Deasy,2020,https://doi.org/10.1038/s41598-020-79142-z,MIMIC-III,3.998
189,Association Between Comorbid Chronic Obstructive Pulmonary Disease and Prognosis of Patients Admitted to the Intensive Care Unit for Non-COPD Reasons: A Retrospective Cohort Study,Int J Chron Obstruct Pulmon Dis,Wencheng Huang,2020,https://doi.org/10.2147/copd.s244020,MIMIC-III,
190,Early Prediction of Acute Kidney Injury in Critical Care Setting Using Clinical Notes,Proceedings (IEEE Int Conf Bioinformatics Biomed),Yikuan Li,2018,https://doi.org/10.1109/bibm.2018.8621574,MIMIC-III,
191,Predictive Value of Prothrombin Time for All-cause Mortality in Acute Myocardial Infarction Patients,Annu Int Conf IEEE Eng Med Biol Soc,Xurong Wang,2018,https://doi.org/10.1109/embc.2018.8513654,MIMIC-III,
192,High Serum Iron level is Associated with Increased Mortality in Patients with Sepsis,Sci Rep,Peng Lan,2018,https://doi.org/10.1038/s41598-018-29353-2,MIMIC-III,3.998
193,X-CAL: Explicit Calibration for Survival Analysis,Adv Neural Inf Process Syst,Mark Goldstein,2020,http://www.ncbi.nlm.nih.gov/pmc/articles/pmc8132615/,MIMIC-III,
194,Developing a FHIR-based EHR phenotyping framework: A case study for identification of patients with obesity and multiple comorbidities from discharge summaries,J Biomed Inform,Na Hong,2019,https://doi.org/10.1016/j.jbi.2019.103310,MIMIC-III,6.317
195,The association between autoimmune disease and 30-day mortality among sepsis ICU patients: a cohort study,Crit Care,Mallory Sheth,2019,https://doi.org/10.1186/s13054-019-2357-1,MIMIC-III,7.598
196,Deep learning with sentence embeddings pre-trained on biomedical corpora improves the performance of finding similar sentences in electronic medical records,BMC Med Inform Decis Mak,Qingyu Chen,2020,https://doi.org/10.1186/s12911-020-1044-0,MIMIC-III,2.067
197,Predicting Mortality in Diabetic ICU Patients Using Machine Learning and Severity Indices,AMIA Jt Summits Transl Sci Proc,Rajsavi S Anand,2018,http://www.ncbi.nlm.nih.gov/pmc/articles/pmc5961793/,MIMIC-III,
198,Time-related association between fluid balance and mortality in sepsis patients: interaction between fluid balance and haemodynamics,Sci Rep,Yanfei Shen,2018,https://doi.org/10.1038/s41598-018-28781-4,MIMIC-III,3.998
199,Predictive accuracy of serum total calcium for both critically high and critically low ionized calcium in critical illness,J Clin Lab Anal,Zhi-De Hu,2018,https://doi.org/10.1002/jcla.22589,MIMIC-III,
200,Mapping Patient Trajectories using Longitudinal Extraction and Deep Learning in the MIMIC-III Critical Care Database,Pac Symp Biocomput,Brett K Beaulieu-Jones,2018,,MIMIC-III,
201,A health informatics transformation model based on intelligent cloud computing - exemplified by type 2 diabetes mellitus with related cardiovascular diseases,Comput Methods Programs Biomed,Hsueh-Chun Lin,2020,https://doi.org/10.1016/j.cmpb.2020.105409,MIMIC-III,3.632
202,A new analytical framework for missing data imputation and classification with uncertainty: Missing data imputation and heart failure readmission prediction,PLoS One,Zhiyong Hu,2020,https://doi.org/10.1371/journal.pone.0237724,MIMIC-III,3.24
203,Prediction of early unplanned intensive care unit readmission in a UK tertiary care hospital: a cross-sectional machine learning approach,BMJ Open,Thomas Desautels,2017,https://doi.org/10.1136/bmjopen-2017-017199,MIMIC-III,2.496
204,External validation and improvement of LiFe score as a prediction tool in critically ill cirrhosis patients,Hepatol Res,Shuangzhe Yao,2018,https://doi.org/10.1111/hepr.13189,MIMIC-III,
205,Predicting intervention onset in the ICU with switching state space models,AMIA Jt Summits Transl Sci Proc,Marzyeh Ghassemi,2017,http://www.ncbi.nlm.nih.gov/pmc/articles/pmc5543372/,MIMIC-III,
206,Sentiment in nursing notes as an indicator of out-of-hospital mortality in intensive care patients,PLoS One,Ian E R Waudby-Smith,2018,https://doi.org/10.1371/journal.pone.0198687,MIMIC-III,3.24
207,Association of Initial Serum Total Calcium Concentration with Mortality in Critical Illness,Biomed Res Int,Benji Wang,2018,https://doi.org/10.1155/2018/7648506,MIMIC-III,2.276
208,Unpacking Prevalence and Dichotomy in Quick Sequential Organ Failure Assessment and Systemic Inflammatory Response Syndrome Parameters: Observational Data-Driven Approach Backed by Sepsis Pathophysiology,JMIR Med Inform,Nazmus Sakib,2020,https://doi.org/10.2196/18352,MIMIC-III,2.96
209,EHR phenotyping via jointly embedding medical concepts and words into a unified vector space,BMC Med Inform Decis Mak,Tian Bai,2018,https://doi.org/10.1186/s12911-018-0672-0,MIMIC-III,2.067
210,Comparing deep learning and concept extraction based methods for patient phenotyping from clinical narratives,PLoS One,Sebastian Gehrmann,2018,https://doi.org/10.1371/journal.pone.0192360,MIMIC-III,3.24
211,Relationship between early serum sodium and potassium levels and AKI severity and prognosis in oliguric AKI patients,Int Urol Nephrol,Dao-Nan Chen,2021,https://doi.org/10.1007/s11255-020-02724-3,MIMIC-III,
212,Identifying Psychiatric Comorbidities for Obstructive Sleep Apnea in the Biomedical Literature and Electronic Health Record,AMIA Jt Summits Transl Sci Proc,Jessica M Haddad,2017,http://www.ncbi.nlm.nih.gov/pmc/articles/pmc5543349/,MIMIC-III,
213,Positive fluid balance is associated with increased in-hospital mortality in patients with intracerebral hemorrhage,Brain Inj,Yanfei Shen,2019,https://doi.org/10.1080/02699052.2018.1539870,MIMIC-III,
214,What Can We Learn about Fall Risk Factors from EHR Nursing Notes? A Text Mining Study,EGEMS (Wash DC),Ragnhildur I Bjarnadottir,2018,https://doi.org/10.5334/egems.237,MIMIC-III,
215,From Sour Grapes to Low-Hanging Fruit: A Case Study Demonstrating a Practical Strategy for Natural Language Processing Portability,AMIA Jt Summits Transl Sci Proc,Stephen B Johnson,2018,http://www.ncbi.nlm.nih.gov/pmc/articles/pmc5961788/,MIMIC-III,
216,Predictive modeling in urgent care: a comparative study of machine learning approaches,JAMIA Open,Fengyi Tang,2018,https://doi.org/10.1093/jamiaopen/ooy011,MIMIC-III,
217,Prevalence and Nature of Financial Considerations Documented in Narrative Clinical Records in Intensive Care Units,JAMA Netw Open,Deborah D Gordon,2018,https://doi.org/10.1001/jamanetworkopen.2018.4178,MIMIC-III,
218,Neutrophil-lymphocyte ratio is associated with all-cause mortality among critically ill patients with acute kidney injury,Clin Chim Acta,Lai Lai Fan,2019,https://doi.org/10.1016/j.cca.2018.09.014,MIMIC-III,
219,Severity Classification of Chronic Obstructive Pulmonary Disease and Asthma with Heart Rate and SpO2 Sensors,Annu Int Conf IEEE Eng Med Biol Soc,Tasnuba Siddiqui,2018,https://doi.org/10.1109/embc.2018.8512927,MIMIC-III,
220,Red blood cell distribution width predicts long-term outcomes in sepsis patients admitted to the intensive care unit,Clin Chim Acta,Yan-Qiu Han,2018,https://doi.org/10.1016/j.cca.2018.09.019,MIMIC-III,
221,Application of Bayesian networks to generate synthetic health data,J Am Med Inform Assoc,Dhamanpreet Kaur,2021,https://doi.org/10.1093/jamia/ocaa303,MIMIC-III,4.112
222,Big data and machine learning in critical care: Opportunities for collaborative research,Med Intensiva (Engl Ed),Organizing Committee of the Madrid 2017 Critical Care Datathon,Jan-,https://doi.org/10.1016/j.medin.2018.06.002,MIMIC-III,
223,Recurrent neural networks with specialized word embeddings for health-domain named-entity recognition,J Biomed Inform,Iñigo Jauregi Unanue,2017,https://doi.org/10.1016/j.jbi.2017.11.007,MIMIC-III,6.317
224,[Introduction of critical care database based on specialized information systems: a model of critical care medicine database in large Level III Grade A hospital],Zhonghua Wei Zhong Bing Ji Jiu Yi Xue,Shuang Qi,2020,https://doi.org/10.3760/cma.j.cn121430-20200520-00393,MIMIC-III,
225,Improved Survival of Cancer Patients Admitted to the Intensive Care Unit between 2002 and 2011 at a U.S. Teaching Hospital,Cancer Res Treat,Christopher Martin Sauer,2019,https://doi.org/10.4143/crt.2018.360,MIMIC-III,
226,Prediction of 60-Day Case Fatality in Critically Ill Patients Receiving Renal Replacement Therapy: External Validation of a Prediction Model,Shock,Gloria Maria Custodio de Carvalho,2018,https://doi.org/10.1097/shk.0000000000001054,MIMIC-III,
227,Mortality prediction in intensive care units (ICUs) using a deep rule-based fuzzy classifier,J Biomed Inform,Raheleh Davoodi,2018,https://doi.org/10.1016/j.jbi.2018.02.008,MIMIC-III,6.317
228,tableone: An open source Python package for producing summary statistics for research papers,JAMIA Open,Tom J Pollard,2018,https://doi.org/10.1093/jamiaopen/ooy012,MIMIC-III,
229,The Association between Red Blood Cell Distribution Width and Mortality in Critically Ill Patients with Acute Kidney Injury,Biomed Res Int,Benji Wang,2018,https://doi.org/10.1155/2018/9658216,MIMIC-III,2.276
230,[Risk factors for death and their predictive value on diabetic kidney disease patients in intensive care unit based on MIMIC-III database],Zhonghua Wei Zhong Bing Ji Jiu Yi Xue,Shaolei Zhang,2020,https://doi.org/10.3760/cma.j.cn121430-20200714-00522,MIMIC-III,
231,Synthesis of a new antischistosomally active and toxicologically tolerant C-12 monothione surrogate of the universal antihelmintic praziquantel,Acta Pol Pharm,M H Abo-Ghalia,Jul-,,MIMIC-III,
232,Using Machine Learning to Predict Hyperchloremia in Critically Ill Patients,Proceedings (IEEE Int Conf Bioinformatics Biomed),Pete Yeh,2019,https://doi.org/10.1109/bibm47256.2019.8982933,MIMIC-III,
233,Using Demographic Factors and Comorbidities to Develop a Predictive Model for ICU Mortality in Patients with Acute Exacerbation COPD,AMIA Annu Symp Proc,Sukrit S Jain,2018,http://www.ncbi.nlm.nih.gov/pmc/articles/pmc6371239/,MIMIC-III,
234,A computational approach to mortality prediction of alcohol use disorder inpatients,Comput Biol Med,Jacob Calvert,2016,https://doi.org/10.1016/j.compbiomed.2016.05.015,MIMIC-III,3.434
235,"A fast, accurate, and generalisable heuristic-based negation detection algorithm for clinical text",Comput Biol Med,Luke T Slater,2021,https://doi.org/10.1016/j.compbiomed.2021.104216,MIMIC-III,3.434
236,A Machine-Learning Approach for Dynamic Prediction of Sepsis-Induced Coagulopathy in Critically Ill Patients With Sepsis,Front Med (Lausanne),Qin-Yu Zhao,2021,https://doi.org/10.3389/fmed.2020.637434,MIMIC-III,3.9
237,A machine learning-based model for 1-year mortality prediction in patients admitted to an Intensive Care Unit with a diagnosis of sepsis,Med Intensiva (Engl Ed),J E García-Gallo,2020,https://doi.org/10.1016/j.medin.2018.07.016,MIMIC-III,
238,Prolonged dexmedetomidine infusion in critically ill adult patients: a retrospective analysis of a large clinical database Multiparameter Intelligent Monitoring in Intensive Care III,Ann Transl Med,Yue Zhao,2018,https://doi.org/10.21037/atm.2018.07.08,MIMIC-III,3.932
239,A boosting inspired personalized threshold method for sepsis screening,J Appl Stat,Chen Feng,2021,https://doi.org/10.1080/02664763.2020.1716695,MIMIC-III,
240,Diagnostic Prediction with Sequence-of-sets Representation Learning for Clinical Events,Artif Intell Med Conf Artif Intell Med (2005-),Tianran Zhang,2020,https://doi.org/10.1007/978-3-030-59137-3_31,MIMIC-III,
241,Selecting relevant features from the electronic health record for clinical code prediction,J Biomed Inform,Elyne Scheurwegs,2017,https://doi.org/10.1016/j.jbi.2017.09.004,MIMIC-III,6.317
242,Hierarchical Adaptive Multi-task Learning Framework for Patient Diagnoses and Diagnostic Category Classification,Proceedings (IEEE Int Conf Bioinformatics Biomed),Salim Malakouti,2019,https://doi.org/10.1109/bibm47256.2019.8983298,MIMIC-III,
243,Clinical Characteristics of Aortic Aneurysm in MIMIC-III,Heart Surg Forum,Kun Song,2021,https://doi.org/10.1532/hsf.3571,MIMIC-III,
244,Fluid Choice Matters in Critically-ill Patients with Acute Pancreatitis: Lactated Ringer's vs. Isotonic Saline,R I Med J (2013),Mohammed M Aboelsoud,2016,,MIMIC-III,
245,High-performance detection and early prediction of septic shock for alcohol-use disorder patients,Ann Med Surg (Lond),Jacob Calvert,2016,https://doi.org/10.1016/j.amsu.2016.04.023,MIMIC-III,
246,Predicting acute kidney injury in critically ill patients using comorbid conditions utilizing machine learning,Clin Kidney J,Khaled Shawwa,2020,https://doi.org/10.1093/ckj/sfaa145,MIMIC-III,
247,Association Between Obesity and Short-And Long-Term Mortality in Patients With Acute Respiratory Distress Syndrome Based on the Berlin Definition,Front Endocrinol (Lausanne),Wei Zhang,2021,https://doi.org/10.3389/fendo.2020.611435,MIMIC-III,
248,Establishment and Validation of GV-SAPS II Scoring System for Non-Diabetic Critically Ill Patients,PLoS One,Wen-Yue Liu,2016,https://doi.org/10.1371/journal.pone.0166085,MIMIC-III,3.24
249,"Big data in healthcare - the promises, challenges and opportunities from a research perspective: A case study with a model database",AMIA Annu Symp Proc,Mohammad Adibuzzaman,2018,http://www.ncbi.nlm.nih.gov/pmc/articles/pmc5977694/,MIMIC-III,
250,Pressure Ulcer Injury in Unstructured Clinical Notes: Detection and Interpretation,AMIA Annu Symp Proc,Mani Sotoodeh,2021,http://www.ncbi.nlm.nih.gov/pmc/articles/pmc8075497/,MIMIC-III,
251,Closing the Data Loop: An Integrated Open Access Analysis Platform for the MIMIC Database,Comput Cardiol (2010),Mohammad Adibuzzaman,2016,https://doi.org/10.23919/cic.2016.7868698,MIMIC-III,
252,A Predictive Model for Medical Events Based on Contextual Embedding of Temporal Sequences,JMIR Med Inform,Wael Farhan,2016,https://doi.org/10.2196/medinform.5977,MIMIC-III,2.96
253,Using electronic health record collected clinical variables to predict medical intensive care unit mortality,Ann Med Surg (Lond),Jacob Calvert,2016,https://doi.org/10.1016/j.amsu.2016.09.002,MIMIC-III,
254,Development and Validation of a Sepsis Mortality Risk Score for Sepsis-3 Patients in Intensive Care Unit,Front Med (Lausanne),Kai Zhang,2021,https://doi.org/10.3389/fmed.2020.609769,MIMIC-III,3.9
255,Mortality Prediction in Cerebral Hemorrhage Patients Using Machine Learning Algorithms in Intensive Care Units,Front Neurol,Ximing Nie,2021,https://doi.org/10.3389/fneur.2020.610531,MIMIC-III,
256,Development of a novel score for the prediction of hospital mortality in patients with severe sepsis: the use of electronic healthcare records with LASSO regression,Oncotarget,Zhongheng Zhang,2017,https://doi.org/10.18632/oncotarget.17870,MIMIC-III,
257,The neutrophil-lymphocyte ratio is associated with postoperative mortality of cardiac surgery,J Thorac Dis,Qixun Wang,2021,https://doi.org/10.21037/jtd-20-2593,MIMIC-III,
258,Development and validation of a model for the early prediction of the RRT requirement in patients with rhabdomyolysis,Am J Emerg Med,Chao Liu,2021,https://doi.org/10.1016/j.ajem.2021.03.006,MIMIC-III,
259,Predicting Volume Responsiveness Among Sepsis Patients Using Clinical Data and Continuous Physiological Waveforms,AMIA Annu Symp Proc,Rishikesan Kamaleswaran,2021,http://www.ncbi.nlm.nih.gov/pmc/articles/pmc8075451/,MIMIC-III,
260,Scoring model to predict outcome in critically ill cirrhotic patients with acute respiratory failure: comparison with MELD scoring models and CLIF-SOFA score,Expert Rev Gastroenterol Hepatol,Xiao-Dong Zhou,2017,https://doi.org/10.1080/17474124.2017.1338948,MIMIC-III,
261,A Clinical Prediction Model to Predict Heparin Treatment Outcomes and Provide Dosage Recommendations: Development and Validation Study,J Med Internet Res,Dongkai Li,2021,https://doi.org/10.2196/27118,MIMIC-III,
262,Quick chronic liver failure-sequential organ failure assessment: an easy-to-use scoring model for predicting mortality risk in critically ill cirrhosis patients,Eur J Gastroenterol Hepatol,Xiao-Dong Zhou,2017,https://doi.org/10.1097/meg.0000000000000856,MIMIC-III,
263,A hybrid method of recurrent neural network and graph neural network for next-period prescription prediction,Int J Mach Learn Cybern,Sicen Liu,2020,https://doi.org/10.1007/s13042-020-01155-x,MIMIC-III,
264,Predictive value of red blood cell distribution width in critically ill patients with atrial fibrillation: a retrospective cohort study,Ann Palliat Med,Hongfen Zeng,2021,https://doi.org/10.21037/apm-20-1704,MIMIC-III,
265,Association between normalized lactate load and mortality in patients with septic shock: an analysis of the MIMIC-III database,BMC Anesthesiol,Han Chen,2021,https://doi.org/10.1186/s12871-021-01239-3,MIMIC-III,
266,Editorial: Registries and Population Databases in Clinical Research and Practice,Med Sci Monit,Dinah V Parums,2021,https://doi.org/10.12659/msm.933554,MIMIC-III,
267,The impact of statin use prior to intensive care unit admission on critically ill patients with sepsis,Pharmacotherapy,Eric E Chinaeke,2021,https://doi.org/10.1002/phar.2506,MIMIC-III,
268,Building longitudinal medication dose data using medication information extracted from clinical notes in electronic health records,J Am Med Inform Assoc,Elizabeth McNeer,2021,https://doi.org/10.1093/jamia/ocaa291,MIMIC-III,4.112
269,A Clinically Practical and Interpretable Deep Model for ICU Mortality Prediction with External Validation,AMIA Annu Symp Proc,Yanni Kang,2021,http://www.ncbi.nlm.nih.gov/pmc/articles/pmc8075474/,MIMIC-III,
270,A nomogram to predict in-hospital mortality of neonates admitted to the intensive care unit,Int Health,Xihua Huang,2021,https://doi.org/10.1093/inthealth/ihab012,MIMIC-III,
271,Characteristics and clinical subtypes of cancer patients in the intensive care unit: a retrospective observational study for two large databases,Ann Transl Med,Shaowei Gao,2021,https://doi.org/10.21037/atm-20-4634,MIMIC-III,3.932
272,Effects of high-flow oxygen therapy on patients with hypoxemia after extubation and predictors of reintubation: a retrospective study based on the MIMIC-IV database,BMC Pulm Med,Taotao Liu,2021,https://doi.org/10.1186/s12890-021-01526-2,MIMIC-III,
273,Novel Density Poincaré Plot Based Machine Learning Method to Detect Atrial Fibrillation From Premature Atrial/Ventricular Contractions,IEEE Trans Biomed Eng,Syed Khairul Bashar,2021,https://doi.org/10.1109/tbme.2020.3004310,MIMIC-III,
274,Performance Comparison of Systemic Inflammatory Response Syndrome with Logistic Regression Models to Predict Sepsis in Neonates,Children (Basel),Jyoti Thakur,2017,https://doi.org/10.3390/children4120111,MIMIC-III,
275,[Monocyte/lymphocyte ratio as a predictor of 30-day mortality and adverse events in critically ill patients: analysis of the MIMIC-III database],Zhonghua Wei Zhong Bing Ji Jiu Yi Xue,Yanxiu Li,2021,https://doi.org/10.3760/cma.j.cn121430-20201223-00772,MIMIC-III,
276,Development of a Nomogram to Predict 28-Day Mortality of Patients With Sepsis-Induced Coagulopathy: An Analysis of the MIMIC-III Database,Front Med (Lausanne),Zongqing Lu,2021,https://doi.org/10.3389/fmed.2021.661710,MIMIC-III,3.9
277,"Hypoxic hepatitis - its biochemical profile, causes and risk factors of mortality in critically-ill patients: A cohort study of 565 patients",J Crit Care,Mohammed M Aboelsoud,2017,https://doi.org/10.1016/j.jcrc.2017.04.040,MIMIC-III,
278,Development and Validation of a Machine-Learning Model for Prediction of Extubation Failure in Intensive Care Units,Front Med (Lausanne),Qin-Yu Zhao,2021,https://doi.org/10.3389/fmed.2021.676343,MIMIC-III,3.9
279,The Association Between the Baseline and the Change in Neutrophil-to-Lymphocyte Ratio and Short-Term Mortality in Patients With Acute Respiratory Distress Syndrome,Front Med (Lausanne),Wei Zhang,2021,https://doi.org/10.3389/fmed.2021.636869,MIMIC-III,3.9
280,Performance of intensive care unit severity scoring systems across different ethnicities in the USA: a retrospective observational study,Lancet Digit Health,Rahuldeb Sarkar,2021,https://doi.org/10.1016/s2589-7500(21)00022-4,MIMIC-III,
281,Towards similarity-based differential diagnostics for common diseases,Comput Biol Med,Luke T Slater,2021,https://doi.org/10.1016/j.compbiomed.2021.104360,MIMIC-III,3.434
282,Prediction of blood lactate values in critically ill patients: a retrospective multi-center cohort study,J Clin Monit Comput,Behrooz Mamandipoor,2021,https://doi.org/10.1007/s10877-021-00739-4,MIMIC-III,
283,Improved characterisation of clinical text through ontology-based vocabulary expansion,J Biomed Semantics,Luke T Slater,2021,https://doi.org/10.1186/s13326-021-00241-5,MIMIC-III,
284,Association of fluid balance with mortality in sepsis is modified by admission hemoglobin levels: A large database study,PLoS One,Sandra M Y Tan,2021,https://doi.org/10.1371/journal.pone.0252629,MIMIC-III,3.24
285,Multimodal temporal-clinical note network for mortality prediction,J Biomed Semantics,Haiyang Yang,2021,https://doi.org/10.1186/s13326-021-00235-3,MIMIC-III,
286,Associations Between Elevated Systolic Blood Pressure and Outcomes In Critically Ill Patients: A Retrospective Cohort Study and Propensity Analysis,Shock,An-Min Hu,2021,https://doi.org/10.1097/shk.0000000000001774,MIMIC-III,
287,Minimum heart rate and mortality in critically ill myocardial infarction patients: an analysis of the MIMIC-III database,Ann Transl Med,Junjie Wang,2021,https://doi.org/10.21037/atm-21-992,MIMIC-III,3.932
288,Prediction Models for AKI in ICU: A Comparative Study,Int J Gen Med,Qing Qian,2021,https://doi.org/10.2147/ijgm.s289671,MIMIC-III,2.45
289,A Unified Machine Reading Comprehension Framework for Cohort Selection,IEEE J Biomed Health Inform,Ying Xiong,2021,https://doi.org/10.1109/jbhi.2021.3095478,MIMIC-III,5.223
290,Mining heterogeneous clinical notes by multi-modal latent topic model,PLoS One,Zhi Wen,2021,https://doi.org/10.1371/journal.pone.0249622,MIMIC-III,3.24
291,Limitations of Transformers on Clinical Text Classification,IEEE J Biomed Health Inform,Shang Gao,2021,https://doi.org/10.1109/jbhi.2021.3062322,MIMIC-III,5.223
292,Association of prescription opioid use on mortality and hospital length of stay in the intensive care unit,PLoS One,Nicole Hardy,2021,https://doi.org/10.1371/journal.pone.0250320,MIMIC-III,3.24
293,Explainable automated coding of clinical notes using hierarchical label-wise attention networks and label embedding initialisation,J Biomed Inform,Hang Dong,2021,https://doi.org/10.1016/j.jbi.2021.103728,MIMIC-III,6.317
294,Novel criteria to classify ARDS severity using a machine learning approach,Crit Care,Mohammed Sayed,2021,https://doi.org/10.1186/s13054-021-03566-w,MIMIC-III,7.598
295,Uncertainty-Aware Variational-Recurrent Imputation Network for Clinical Time Series,IEEE Trans Cybern,Ahmad Wisnu Mulyadi,2021,https://doi.org/10.1109/tcyb.2021.3053599,MIMIC-III,
296,SURVFIT: Doubly sparse rule learning for survival data,J Biomed Inform,Ameer Hamza Shakur,2021,https://doi.org/10.1016/j.jbi.2021.103691,MIMIC-III,6.317
297,Lower serum chloride concentrations are associated with increased risk of mortality in critically ill cirrhotic patients: an analysis of the MIMIC-III database,BMC Gastroenterol,Yun Ji,2021,https://doi.org/10.1186/s12876-021-01797-3,MIMIC-III,
298,Development and validation of a nomogram to predict the mortality risk in elderly patients with ARF,PeerJ,Junnan Xu,2021,https://doi.org/10.7717/peerj.11016,MIMIC-III,
299,Variable selection for causal mediation analysis using LASSO-based methods,Stat Methods Med Res,Zhaoxin Ye,2021,https://doi.org/10.1177/0962280221997505,MIMIC-III,
300,Prognostic Value of Blood Urea Nitrogen/Creatinine Ratio for Septic Shock: An Analysis of the MIMIC-III Clinical Database,Biomed Res Int,Didi Han,2021,https://doi.org/10.1155/2021/5595042,MIMIC-III,2.276
301,Urine Output Calculated Using Actual Body Weight May Result In Overestimation of Acute Kidney Injury for Obese Patients,Shock,Jun Jiang,2021,https://doi.org/10.1097/shk.0000000000001789,MIMIC-III,
302,Association of Timing of Biliary Drainage with Clinical Outcomes in Severe Acute Cholangitis: A Retrospective Cohort Study,Int J Gen Med,Yimiao Zhu,2021,https://doi.org/10.2147/ijgm.s315306,MIMIC-III,2.45
303,Blood Urea Nitrogen and In-Hospital Mortality in Critically Ill Patients with Cardiogenic Shock: Analysis of the MIMIC-III Database,Biomed Res Int,En-Qian Liu,2021,https://doi.org/10.1155/2021/5948636,MIMIC-III,2.276
304,An Artificial Neural Networks Model for Early Predicting In-Hospital Mortality in Acute Pancreatitis in MIMIC-III,Biomed Res Int,Ning Ding,2021,https://doi.org/10.1155/2021/6638919,MIMIC-III,2.276
305,A visual analytic approach for the identification of ICU patient subpopulations using ICD diagnostic codes,PeerJ Comput Sci,Daniel Alcaide,2021,https://doi.org/10.7717/peerj-cs.430,MIMIC-III,
306,"Embedding, aligning and reconstructing clinical notes to explore sepsis",BMC Res Notes,Xudong Zhu,2021,https://doi.org/10.1186/s13104-021-05529-4,MIMIC-III,
307,Nomogram to predict the risk of acute kidney injury in patients with diabetic ketoacidosis: an analysis of the MIMIC-III database,BMC Endocr Disord,Tingting Fan,2021,https://doi.org/10.1186/s12902-021-00696-8,MIMIC-III,
308,Blood Urea Nitrogen to Serum Albumin Ratio Independently Predicts Mortality in Critically Ill Patients With Acute Pulmonary Embolism,Clin Appl Thromb Hemost,Jihong Fang,Jan-,https://doi.org/10.1177/10760296211010241,MIMIC-III,
309,OASIS +: leveraging machine learning to improve the prognostic accuracy of OASIS severity score for predicting in-hospital mortality,BMC Med Inform Decis Mak,Yasser El-Manzalawy,2021,https://doi.org/10.1186/s12911-021-01517-7,MIMIC-III,2.067
310,Thyroid hormone levels as a predictor marker predict the prognosis of patients with sepsis,Am J Emerg Med,Yiping Wang,2021,https://doi.org/10.1016/j.ajem.2021.02.014,MIMIC-III,
311,Comparative Efficacy of Fentanyl and Morphine in Patients with or At Risk for Acute Respiratory Distress Syndrome: A Propensity Score-Matched Cohort Study,Drugs R D,An-Min Hu,2021,https://doi.org/10.1007/s40268-021-00338-3,MIMIC-III,
312,GHS-NET a generic hybridized shallow neural network for multi-label biomedical text classification,J Biomed Inform,Muhammad Ali Ibrahim,2021,https://doi.org/10.1016/j.jbi.2021.103699,MIMIC-III,6.317
313,Prediction of weaning from mechanical ventilation using Convolutional Neural Networks,Artif Intell Med,Yan Jia,2021,https://doi.org/10.1016/j.artmed.2021.102087,MIMIC-III,
314,The critical care data exchange format: a proposed flexible data standard for combining clinical and high-frequency physiologic data in critical care,Physiol Meas,Philip Laird,2021,https://doi.org/10.1088/1361-6579/abfc9b,MIMIC-III,
315,The association between four scoring systems and 30-day mortality among intensive care patients with sepsis: a cohort study,Sci Rep,Tianyang Hu,2021,https://doi.org/10.1038/s41598-021-90806-2,MIMIC-III,3.998
316,"Comparative Effectiveness of Midazolam, Propofol, and Dexmedetomidine in Patients With or at Risk for Acute Respiratory Distress Syndrome: A Propensity Score-Matched Cohort Study",Front Pharmacol,An-Min Hu,2021,https://doi.org/10.3389/fphar.2021.614465,MIMIC-III,
317,A deep attention model to forecast the Length Of Stay and the in-hospital mortality right on admission from ICD codes and demographic data,J Biomed Inform,Gaspard Harerimana,2021,https://doi.org/10.1016/j.jbi.2021.103778,MIMIC-III,6.317
318,A Hybrid Model for Family History Information Identification and Relation Extraction: Development and Evaluation of an End-to-End Information Extraction System,JMIR Med Inform,Youngjun Kim,2021,https://doi.org/10.2196/22797,MIMIC-III,2.96
319,Heart Rate Fluctuation and Mortality in Critically Ill Myocardial Infarction Patients: A Retrospective Cohort Study,Front Cardiovasc Med,Qi Guo,2021,https://doi.org/10.3389/fcvm.2021.577742,MIMIC-III,
320,Utilization of Echocardiography After Acute Kidney Injury Was Associated with Improved Outcomes in Patients in Intensive Care Unit,Int J Gen Med,Yugang Hu,2021,https://doi.org/10.2147/ijgm.s310445,MIMIC-III,2.45
321,A novel model to label delirium in an intensive care unit from clinician actions,BMC Med Inform Decis Mak,Caitlin E Coombes,2021,https://doi.org/10.1186/s12911-021-01461-6,MIMIC-III,2.067
322,The value of lactate/albumin ratio for predicting the clinical outcomes of critically ill patients with heart failure,Ann Transl Med,Wenqin Guo,2021,https://doi.org/10.21037/atm-20-4519,MIMIC-III,3.932
323,The prognostic value of modified NUTRIC score for patients in cardiothoracic surgery recovery unit: A retrospective cohort study,J Hum Nutr Diet,Chao Zheng,2021,https://doi.org/10.1111/jhn.12899,MIMIC-III,
324,An explainable machine learning algorithm for risk factor analysis of in-hospital mortality in sepsis survivors with ICU readmission,Comput Methods Programs Biomed,Zhengyu Jiang,2021,https://doi.org/10.1016/j.cmpb.2021.106040,MIMIC-III,3.632
325,Convolutional Neural Network Model for Intensive Care Unit Acute Kidney Injury Prediction,Kidney Int Rep,Sidney Le,2021,https://doi.org/10.1016/j.ekir.2021.02.031,MIMIC-III,
326,"Knowledge-aware multi-center clinical dataset adaptation: Problem, method, and application",J Biomed Inform,Jiebin Chu,2021,https://doi.org/10.1016/j.jbi.2021.103710,MIMIC-III,6.317
327,The Relationship Between the Serum Anion Gap and All-Cause Mortality in Acute Pancreatitis: An Analysis of the MIMIC-III Database,Int J Gen Med,Fang Gong,2021,https://doi.org/10.2147/ijgm.s293340,MIMIC-III,2.45
328,Predicting Future Occurrence of Acute Hypotensive Episodes Using Noninvasive and Invasive Features,Mil Med,Yifei Sun,2021,https://doi.org/10.1093/milmed/usaa418,MIMIC-III,
329,"Cardio-pulmonary-renal interactions in ICU patients. Role of mechanical ventilation, venous congestion and perfusion deficit on worsening of renal function: Insights from the MIMIC-III database",J Crit Care,Guillaume Geri,2021,https://doi.org/10.1016/j.jcrc.2021.03.013,MIMIC-III,
330,Modeling multivariate clinical event time-series with recurrent temporal mechanisms,Artif Intell Med,Jeong Min Lee,2021,https://doi.org/10.1016/j.artmed.2021.102021,MIMIC-III,
331,Early combination of albumin with crystalloids administration might be beneficial for the survival of septic patients: a retrospective analysis from MIMIC-IV database,Ann Intensive Care,Shiyu Zhou,2021,https://doi.org/10.1186/s13613-021-00830-8,MIMIC-III,
332,Fibrinogen Level Predicts Outcomes in Critically Ill Patients with Acute Exacerbation of Chronic Heart Failure,Dis Markers,Zhongyuan Meng,2021,https://doi.org/10.1155/2021/6639393,MIMIC-III,
333,Machine learning prediction models for prognosis of critically ill patients after open-heart surgery,Sci Rep,Zhihua Zhong,2021,https://doi.org/10.1038/s41598-021-83020-7,MIMIC-III,3.998
334,Preoperative Lymphocyte-to-Monocyte Ratio as a Prognostic Predictor of Long-Term Mortality in Cardiac Surgery Patients: A Propensity Score Matching Analysis,Front Cardiovasc Med,Zhuoming Zhou,2021,https://doi.org/10.3389/fcvm.2021.639890,MIMIC-III,
335,Personalized Blood Pressure Estimation Using Photoplethysmography: A Transfer Learning Approach,IEEE J Biomed Health Inform,Jared Johann Leitner,2021,https://doi.org/10.1109/jbhi.2021.3085526,MIMIC-III,5.223
336,Admission Serum Ionized and Total Calcium as New Predictors of Mortality in Patients with Cardiogenic Shock,Biomed Res Int,Yue Yu,2021,https://doi.org/10.1155/2021/6612276,MIMIC-III,2.276
337,Differential effects of the blood pressure state on pulse rate variability and heart rate variability in critically ill patients,NPJ Digit Med,Elisa Mejía-Mejía,2021,https://doi.org/10.1038/s41746-021-00447-y,MIMIC-III,
338,Interpretable Machine Learning Model for Early Prediction of Mortality in ICU Patients with Rhabdomyolysis,Med Sci Sports Exerc,Chao Liu,2021,https://doi.org/10.1249/mss.0000000000002674,MIMIC-III,
339,MGP-AttTCN: An interpretable machine learning model for the prediction of sepsis,PLoS One,Margherita Rosnati,2021,https://doi.org/10.1371/journal.pone.0251248,MIMIC-III,3.24
340,A novel risk-predicted nomogram for sepsis associated-acute kidney injury among critically ill patients,BMC Nephrol,Shanglin Yang,2021,https://doi.org/10.1186/s12882-021-02379-x,MIMIC-III,
341,Performance of D-dimer for predicting sepsis mortality in the intensive care unit,Biochem Med (Zagreb),Yan-Qiu Han,2021,https://doi.org/10.11613/bm.2021.020709,MIMIC-III,
342,A Prediction Model for Assessing Prognosis in Critically Ill Patients With Sepsis-Associated Acute Kidney Injury,Shock,Hongbin Hu,2021,https://doi.org/10.1097/shk.0000000000001768,MIMIC-III,
343,Development and Validation of a Clinical Prediction Model for Sleep Disorders in the ICU: A Retrospective Cohort Study,Front Neurosci,Yun Li,2021,https://doi.org/10.3389/fnins.2021.644845,MIMIC-III,
344,Machine Learning Outperforms Existing Clinical Scoring Tools in the Prediction of Postoperative Atrial Fibrillation During Intensive Care Unit Admission After Cardiac Surgery,Heart Lung Circ,Roshan Karri,2021,https://doi.org/10.1016/j.hlc.2021.05.101,MIMIC-III,
345,Multitask prediction of organ dysfunction in the intensive care unit using sequential subnetwork routing,J Am Med Inform Assoc,Subhrajit Roy,2021,https://doi.org/10.1093/jamia/ocab101,MIMIC-III,4.112
346,Development and validation of a risk stratification model for predicting the mortality of acute kidney injury in critical care patients,Ann Transl Med,Haofan Huang,2021,https://doi.org/10.21037/atm-20-5723,MIMIC-III,3.932
347,Comparison of Approaches for Prediction of Renal Replacement Therapy-Free Survival in Patients with Acute Kidney Injury,Blood Purif,Pattharawin Pattharanitima,2021,https://doi.org/10.1159/000513700,MIMIC-III,
348,Incorporating real-world evidence into the development of patient blood glucose prediction algorithms for the ICU,J Am Med Inform Assoc,Oisin Fitzgerald,2021,https://doi.org/10.1093/jamia/ocab060,MIMIC-III,4.112
349,Machine learning applied to a Cardiac Surgery Recovery Unit and to a Coronary Care Unit for mortality prediction,J Clin Monit Comput,Beatriz Nistal-Nuño,2021,https://doi.org/10.1007/s10877-021-00703-2,MIMIC-III,
350,Systemic immune-inflammation index as a promising predictor of mortality in patients with acute coronary syndrome: a real-world study,J Int Med Res,Gaofan Su,2021,https://doi.org/10.1177/03000605211016274,MIMIC-III,
351,Overweight is associated with better one-year survival in elderly patients after cardiac surgery: a retrospective analysis of the MIMIC-III database,J Thorac Dis,Yiran Zhang,2021,https://doi.org/10.21037/jtd-20-2824,MIMIC-III,
352,Neural network predicts need for red blood cell transfusion for patients with acute gastrointestinal bleeding admitted to the intensive care unit,Sci Rep,Dennis Shung,2021,https://doi.org/10.1038/s41598-021-88226-3,MIMIC-III,3.998
353,Association Between Blood Eosinophils and Mortality in Critically Ill Patients with Acute Exacerbation of Chronic Obstructive Pulmonary Disease: A Retrospective Cohort Study,Int J Chron Obstruct Pulmon Dis,Jia Yang,2021,https://doi.org/10.2147/copd.s289920,MIMIC-III,
354,A Comprehensive Way to Access Hospital Death Prediction Model for Acute Mesenteric Ischemia: A Combination of Traditional Statistics and Machine Learning,Int J Gen Med,Wenhan Wu,2021,https://doi.org/10.2147/ijgm.s300492,MIMIC-III,2.45
355,Red Cell Distribution Width to Platelet Count Ratio: A Promising Routinely Available Indicator of Mortality for Acute Traumatic Brain Injury,J Neurotrauma,Xintong Ge,2021,https://doi.org/10.1089/neu.2020.7481,MIMIC-III,
356,Development and Validation of an Automated Algorithm to Detect Atrial Fibrillation Within Stored Intensive Care Unit Continuous Electrocardiographic Data: Observational Study,JMIR Cardio,Allan J Walkey,2021,https://doi.org/10.2196/18840,MIMIC-III,
357,An Estimation Method of Continuous Non-Invasive Arterial Blood Pressure Waveform Using Photoplethysmography: A U-Net Architecture-Based Approach,Sensors (Basel),Tasbiraha Athaya,2021,https://doi.org/10.3390/s21051867,MIMIC-III,
358,Diagnostic accuracy of a dynamically increased red blood cell distribution width in very low birth weight infants with serious bacterial infection,Ital J Pediatr,Bin-Fang Guo,2021,https://doi.org/10.1186/s13052-021-00994-w,MIMIC-III,
359,Lactate is Associated with Increased 30-Day Mortality in Critically Ill Patients with Alcohol Use Disorder,Int J Gen Med,Yu Chen,2021,https://doi.org/10.2147/ijgm.s314821,MIMIC-III,2.45
